sample_id,query,response,persona_consistency,emotional_congruence,memory_utilization,relevance,coherence,helpfulness,empathy,politeness,safety,logical_consistency,conversational_continuity,groundedness
001,"If it worked for weekend mornings, I'd finally be consistent.",Got you. Let’s make sure your phone reminder is set up to go off right when you wake up on the weekends. Just a couple of taps and you’re good to go!,0.5,0.75,0.8,0.5,1.0,0.25,0.5,0.75,1.0,0.75,0.75,0.75
002,I'll start logging every meal on my smartwatch from now on.,Great move! Logging meals will really help with your blood sugar management. How does that feel so far?,0.5,0.5,0.5,1.0,1.0,0.5,0.75,1.0,1.0,0.75,1.0,1.0
003,Using the tablet for my ACL rehab might actually make me do it.,That's awesome! Using a tablet could add some fun and interactivity to your exercises. What kind of videos or apps are you thinking about trying?,0.5,0.5,0.8,1.0,1.0,0.5,0.75,1.0,1.0,1.0,1.0,1.0
004,A timed bottle at my desk will help me stay hydrated while working.,Great! A simple reminder could make a big difference. Let’s get that set up for you soon.,0.5,1.0,0.0,0.25,1.0,0.25,0.75,1.0,1.0,1.0,0.75,1.0
005,"If a nasal pillow stops the nose bridge pain, I'll use the CPAP every night.",That sounds like a good plan. Switching to a nasal pillow could really help with that discomfort. Let me know if you need any support finding one online.,0.5,1.0,0.8,1.0,1.0,0.5,0.75,1.0,1.0,1.0,1.0,1.0
006,I'll start writing down my breakfast and dizzy spells on a notepad.,Great! Keeping track of it this way can help you notice any patterns.,0.5,0.75,0.5,1.0,1.0,0.5,0.5,1.0,1.0,1.0,1.0,1.0
007,Adding a smart sensor to my inhaler would really help me track these allergy triggers.,That sounds like it could be really helpful for you. It’s great that you’re eager to use technology. We can definitely look into getting you a clip-on sensor that syncs with your phone. Would you want to start by checking out reviews or do you have any specific questions about the process?,0.5,1.0,0.5,1.0,1.0,0.5,1.0,1.0,1.0,1.0,1.0,1.0
008,Finding low-sodium recipes on Pinterest will make this diet much easier.,Great choice! Pinterest is a perfect tool for finding new recipes. Have you tried any that really stood out to you?,0.5,1.0,0.5,1.0,1.0,0.25,0.75,1.0,1.0,1.0,1.0,1.0
009,A background script for eye breaks is exactly what I need for my coding sessions.,"Great, using a script that reminds you to look away every 20 minutes can really help with that dryness and burning sensation. Let me know if you want any other suggestions!",0.5,1.0,0.8,1.0,1.0,0.25,0.75,1.0,1.0,0.75,1.0,0.75
010,Using Alexa for vitamin reminders won't overwhelm her like a complex machine would.,That sounds perfect then. Let's set up those voice alerts and see how she feels about it.,0.5,1.0,0.5,1.0,1.0,0.25,0.75,1.0,1.0,1.0,1.0,1.0
011,An iPhone app to remind me to shift weight in my wheelchair would save my skin.,That sounds like a good solution. Would you be interested in trying an app that tracks your weight shifts and sends reminders? Maybe one with sensors for added safety?,0.5,0.75,0.0,1.0,1.0,0.25,0.75,1.0,1.0,1.0,1.0,1.0
012,A simple walker with bigger wheels might stop her from leaving it in the hall.,That sounds like a good plan. Do you think she’d be more likely to use something with big wheels if we got one?,0.5,0.75,0.0,1.0,0.75,0.5,0.5,1.0,1.0,1.0,1.0,1.0
013,"If you could pick a non-slip transfer bench from my laptop search, it would help my hip.",Gotcha! I can filter some high-rated ones with non-slip grips for your tub. How does that sound?,0.5,1.0,0.5,1.0,1.0,0.5,0.5,0.75,1.0,0.75,1.0,0.75
014,A one-button automatic cuff would let him manage his blood pressure independently again.,That sounds like it could make a big difference for him. Do you think he'd be comfortable with that setup?,0.5,1.0,0.0,1.0,1.0,0.5,0.75,1.0,1.0,1.0,1.0,1.0
015,Syncing a power-assist wheel to my chair would definitely save my shoulders.,Great! It sounds like you're on board with trying that out to reduce the strain. Do you think you could find an online tutorial or two to get started?,0.5,0.75,0.8,1.0,0.75,0.25,0.5,0.75,1.0,0.75,0.5,1.0
016,A simple kitchen timer near her remote would remind her to stretch during commercials.,Great idea! That way she won't miss out on important stretches just because of TV shows.,0.5,0.75,0.5,1.0,1.0,0.25,0.5,1.0,1.0,1.0,1.0,1.0
017,Installing motion-activated LED strips would keep him safe during his night trips.,Good idea! That way he doesn’t have to fumble for a switch.,0.5,1.0,0.0,1.0,1.0,0.25,0.5,0.75,1.0,1.0,1.0,1.0
018,Controlling the heat from my iPad would mean I don't have to wait for my son.,That sounds like a great solution! We can definitely set that up so you can take care of it independently.,0.75,1.0,0.5,0.0,0.75,0.25,0.75,1.0,1.0,0.75,1.0,1.0
019,Using tremor-filtering software would let me use my computer without clicking the wrong icons.,That sounds like a great solution. Have you looked into any specific programs that might work for your needs?,0.5,0.5,0.0,1.0,1.0,0.25,0.5,1.0,1.0,1.0,0.75,1.0
020,A simple alarm clock that says 'Medication' is better for me than a smart pillbox.,Got it! A basic alarm might be just what you need then. How about I help you set one up? We can make sure it's loud enough to catch your attention in the morning.,0.75,0.5,0.8,0.5,1.0,0.5,0.75,1.0,1.0,1.0,1.0,1.0
021,A Bluetooth oximeter with large text on my phone would help me monitor my oxygen while walking.,That sounds like a good solution to make your monitoring easier and less frustrating. Would you like to explore getting one of those devices?,0.5,0.75,0.0,0.5,1.0,0.25,0.75,1.0,1.0,1.0,1.0,1.0
022,"If you help me find the right compression stocking size online, I'll start wearing them to my shift.",Great! I can definitely help you with that. Let's see where we can find a reliable chart for sizes.,0.5,0.75,0.5,1.0,1.0,0.25,0.5,1.0,1.0,1.0,1.0,1.0
023,Using a motion-tracking app on my tablet will ensure my post-stroke arm lifts are effective.,That’s awesome! It’ll definitely help with getting the correct form. How does that sound? Would you like to try it out and see how it feels?,0.5,0.5,0.0,0.5,1.0,0.25,1.0,1.0,0.5,0.75,1.0,1.0
024,A color-coded cheat sheet on the fridge is better for my renal diet than a slow phone app.,Great choice! A physical cheat sheet will be easier to glance at quickly. Let me know if you need any other tips or reminders related to your dialysis and renal diet.,0.5,0.5,1.0,1.0,1.0,0.25,0.75,1.0,1.0,0.75,1.0,1.0
025,A talking digital tire gauge would let me maintain my wheelchair pressure independently.,That sounds like a helpful feature. Would a model with a backlit display and clear voice output announcements work for you?,0.5,0.75,0.5,1.0,1.0,0.5,0.5,1.0,1.0,1.0,0.5,1.0
026,A talking glucometer will help me manage my diabetes even with my blurry vision.,That's a smart choice. The Prodigy Voice monitor should make your routine easier to follow.,0.5,1.0,0.0,1.0,1.0,0.5,0.5,1.0,1.0,1.0,1.0,1.0
027,Watching a YouTube tutorial on safe wheelchair transfers should help my back pain.,"Great choice! Watching a video from a physical therapist will definitely help with your technique and reduce any worries about falling. Do you think you can watch one now, or would you prefer I send you a specific video?",0.5,1.0,0.8,1.0,1.0,0.5,0.75,1.0,1.0,0.75,1.0,0.5
028,Checking portable ramp prices on my phone might be my ticket out of the house.,Sounds like you're doing what you can to make progress. Checking prices is a good step. How are you feeling overall today? Maybe we could look into some affordable options together.,0.75,0.75,0.5,1.0,1.0,0.5,1.0,1.0,1.0,1.0,0.5,1.0
029,A simple heated foot warmer with a remote will help my circulation this winter.,Great! A simple wired remote control option sounds perfect for you. Do you think you might try using it?,0.5,0.75,0.5,0.5,0.5,0.25,0.5,0.75,1.0,0.75,1.0,1.0
030,I'll show my Apple Watch sleep data to the doctor to discuss this afternoon drowsiness.,"Great, showing your sleep data will be really helpful. We might need to adjust when you take your tremor medication.",0.5,1.0,0.8,0.5,0.75,0.5,0.5,0.75,1.0,0.75,1.0,1.0
031,"If you find a site with easy returns, I'll finally get some non-slip kitchen shoes.",Great! Finding a site with good return policies and size guides will definitely help. Maybe we can look for one today?,0.5,1.0,0.5,0.5,1.0,0.25,0.75,1.0,1.0,1.0,1.0,1.0
032,Watching a video on magnetic buttons might solve my struggle with dressing myself.,"Great! Watching that video could definitely help you understand how to use them better. If you have any questions, I’m here to explain further after you watch it.",0.5,0.75,0.5,1.0,1.0,0.25,0.5,1.0,1.0,1.0,1.0,1.0
033,"If I can export my Fitbit data, my cardiologist can see why my heart spikes on hills.",Got it! Let’s figure out how to download that Fitbit report from your app. We can do this together step-by-step. How does that sound?,0.5,0.75,0.5,1.0,1.0,0.5,0.75,1.0,1.0,1.0,1.0,1.0
034,Mirroring the chair's display to my phone would finally save my neck from all that strain.,That sounds like a game-changer! Eye-level display on your phone will definitely reduce the need for tilting your head forward.,0.5,0.75,0.5,1.0,1.0,0.25,0.75,1.0,1.0,0.75,1.0,1.0
035,A timer cap on his insulin pen would help him know if he's already taken his dose.,"That sounds like a great solution! Might I suggest getting one of those for you too, just in case?",0.5,0.5,0.0,0.25,0.75,0.25,0.75,0.75,1.0,0.75,0.25,0.5
036,Checking a video for swing-clear hinges on my tablet might finally let me use the bathroom easily.,"Good to hear you're checking it out. If you have any questions or run into issues, I’m here if you need help. Safe browsing!",0.5,0.5,0.0,0.75,1.0,0.25,0.5,1.0,1.0,1.0,1.0,1.0
037,A smart air quality monitor will tell me if the basement is safe for my asthma.,That's a good preventive step. Monitoring can really help you stay on top of triggers.,0.5,1.0,0.5,0.5,0.75,0.25,0.5,1.0,1.0,1.0,1.0,1.0
038,A high-leverage metal donner would help me put on compression socks despite my weak hands.,Good next step is to look into those heavy-duty metal donners with leverage. They might make it much easier for you. Do you think you could give that a try?,0.5,0.75,0.8,1.0,0.75,0.25,0.75,0.75,1.0,1.0,1.0,1.0
039,A smart water bottle with a long battery life would remind me to stay hydrated.,Got you. A water bottle that lasts for months without needing to be charged could be just what you need. Your daughter sounds like she’s looking out for your health really well!,0.25,0.5,0.8,0.5,0.5,0.25,0.75,1.0,1.0,0.5,1.0,1.0
040,I'll start logging my skin chafing and my daily steps to show my prosthetist.,Great move! Logging both will really help them see what’s going on. Keep it up.,0.5,0.75,0.5,1.0,1.0,0.25,0.5,1.0,1.0,1.0,1.0,1.0
041,"Perfect, let's get some of that tape before I actually end up on the floor!",Got it! Double-sided tape for sure. Let’s grab a few rolls so you can apply them safely. Safe travels through your home!,0.5,1.0,0.8,1.0,1.0,0.5,0.75,1.0,1.0,1.0,1.0,0.75
042,I'm sold-that vibration feature is exactly what I need to stay in the loop.,"Awesome, glad it works for you! You might also want to check if your phone has a notification sound set up too, just in case.",0.5,1.0,0.5,0.75,1.0,0.5,0.5,1.0,1.0,1.0,0.5,1.0
043,That would be a huge help; I'll tell my son to keep an eye out for your message.,"Great, I’ll make sure to include some details so it’s easy to find. Let me know if you need any other specific recommendations.",0.5,1.0,0.5,1.0,1.0,0.5,0.5,1.0,1.0,1.0,1.0,1.0
044,"If those risers can save my knees, I'm definitely willing to give them a shot.",Great to hear you're considering it! They might really help with that knee strain too.,0.5,1.0,0.5,1.0,1.0,0.25,0.75,1.0,1.0,1.0,1.0,1.0
045,I'll get on the computer now; hopefully that PDF has the fix for this noise!,"Sounds good! Checking online can be tricky sometimes. If you need any help, just let me know how I can assist.",0.5,1.0,0.5,0.5,1.0,0.25,0.75,1.0,1.0,1.0,0.75,1.0
046,A 'one-click' tablet? That sounds like something even I can't mess up!,Great to hear you're feeling adventurous about it! Let’s see how that goes and if we need any adjustments.,0.5,0.5,0.5,0.5,0.75,0.25,0.75,0.75,1.0,1.0,1.0,1.0
047,I see a few options here; these long-handled ones look much more manageable.,That's great to hear! Do you think you could give one of those a try and let me know how it goes?,0.5,1.0,0.0,0.5,1.0,0.5,0.75,1.0,1.0,1.0,1.0,1.0
048,That pole sounds like a lifesaver-I'd much rather stay firmly on the ground.,"Absolutely, safety should always be your top priority. Do you want to discuss how we might get that new bulb then?",0.75,1.0,0.8,0.25,1.0,0.5,0.75,1.0,1.0,1.0,1.0,1.0
049,Exactly! I'll put a slider board right by his bowl so there's no more guessing.,That’s perfect! It’ll be easier to remember now. Let me know if you need any other tips for keeping track of routine tasks.,0.5,1.0,0.8,0.5,1.0,0.5,0.75,1.0,1.0,1.0,1.0,1.0
050,Found one with great reviews! I'll order this lumbar roll and see if my back improves.,"Great choice! Order it up, and we can check in a week to see how you're feeling.",0.5,1.0,0.5,1.0,1.0,0.5,0.5,1.0,1.0,1.0,1.0,1.0
051,That is incredibly handy! I'm going to set up that Magnifier shortcut right now.,"Glad it helped. If you need any other tips, feel free to ask.",0.5,1.0,0.0,1.0,1.0,0.5,0.5,1.0,1.0,1.0,1.0,1.0
052,"If it's just a simple foot switch, then I'm willing to give it a try.",Great! Let’s find a simple one with an ‘On/Off’ switch so you can activate it easily from your wheelchair. Would that work for you?,0.75,1.0,0.8,1.0,1.0,0.5,0.75,1.0,1.0,1.0,1.0,1.0
053,Great idea-Alexa's voice is much harder to ignore than my own conscience!,That's a good system. Have you set up that alarm yet?,0.5,0.5,0.5,0.75,0.5,0.5,0.25,0.75,1.0,1.0,1.0,1.0
054,Please do; I'd love to be able to enjoy a bowl of soup without the mess.,Sure thing! Have you considered checking out some weighted spoons or even just buying one from a trusted medical supply site? They can help stabilize your spoon and reduce spills.,0.5,0.75,0.8,1.0,1.0,0.5,0.5,0.75,1.0,1.0,0.25,1.0
055,I'll go get some red tape now-anything to stop this chair from sliding away!,"Got you covered! Maybe a couple of strong magnets on the bottom of your wheels could help keep it in place? They're cheap and effective, plus they won't require any tech knowledge.",0.5,0.75,0.8,0.75,0.75,0.5,0.5,1.0,1.0,0.75,0.25,0.25
056,"Sent! Hopefully, my next refill won't be such a battle for my poor hands.",That's good to hear you're taking steps. You might also consider getting some multi-purpose bottle openers if they're available where you get your prescriptions. Tech is definitely a help too though!,0.5,0.75,1.0,0.5,0.75,0.25,0.5,0.75,1.0,1.0,0.5,1.0
057,"If I can make the text huge, I might actually finish the whole paper for once!",That’s great to hear! Making the text bigger could definitely help you finish it. Have you tried using the zoom function on your iPad yet? It makes everything appear much larger without having to change print size.,0.5,1.0,0.8,1.0,1.0,0.5,0.75,1.0,1.0,0.75,0.75,1.0
058,That's a brilliant low-tech fix-I'll get one for the kitchen spices too!,Great! The kitchen will definitely benefit from that as well. Let me know if you need any more ideas to make your home more accessible.,0.5,1.0,0.0,1.0,1.0,0.5,0.75,1.0,1.0,1.0,1.0,1.0
059,Got it; I'll grab the tape measure and find some ramps that fit.,"Perfect, just double-check everything fits snugly. Tech-savvy like you should have no problem finding the right ones!",0.5,0.75,0.5,1.0,1.0,0.25,0.5,0.75,1.0,1.0,1.0,1.0
060,That would be such a relief; I'd finally stop pacing the floor whenever he's out.,Good to hear that helps with your peace of mind. Maybe we could also make a list of landmarks in his usual routes so you have more points of reference?,0.75,0.75,0.8,0.75,1.0,0.5,0.75,1.0,1.0,0.75,0.5,1.0
061,Thank goodness! My back has been driving me crazy all week.,Glad your back feels better now. Do you find reaching over your head still a challenge? Maybe we could look into some tools that might make it easier for you.,0.5,0.75,0.5,1.0,0.5,0.5,0.5,0.75,1.0,0.75,0.25,0.5
062,Videos will be so much better-I've been guessing at those diagrams for days!,Great! I'll find a playlist that matches your specific routine. Enjoy having clearer videos to follow.,0.5,1.0,0.8,1.0,1.0,0.5,0.5,1.0,1.0,0.75,0.75,0.75
063,I'll order one now; my arms will definitely thank me during movie night.,"Great choice! Your arms and mobility aid are sure to appreciate it. If you need any more tech help, just let me know.",0.5,1.0,0.8,0.5,1.0,0.25,0.75,1.0,1.0,0.75,1.0,1.0
064,"If someone else can set it up, I'd love to actually follow a conversation again.","Sure thing! If you're tech-savvy is an issue, we can find an easy way for someone else to help set it up. How does that sound?",0.5,0.75,0.5,1.0,0.5,0.25,0.75,0.5,1.0,0.75,0.5,1.0
065,"I'll check those ratings now-safety first, especially in the bathroom!","Sounds good, taking safety precautions is a smart move. If you need any tech advice, just let me know!",0.5,1.0,0.5,0.75,1.0,0.25,0.5,1.0,1.0,1.0,1.0,1.0
066,"Perfect, that'll remind me to take a break from my book and help my ankles.",Cool! Technically reminding you could be as simple as adjusting your Kindle app settings so it alerts you every 2 hours instead of reading. Tech comfort sounds like a good fit for this.,0.5,0.5,1.0,0.25,0.5,0.25,0.25,0.5,1.0,0.75,0.5,0.25
067,I can't wait to try those-it'll be so much easier than squinting at the panel!,"That sounds like a big improvement! Squinting can really make things harder, especially when you're not looking directly at it. Do you think you could get one of these soon?",0.5,1.0,0.5,1.0,0.75,0.25,0.75,1.0,1.0,1.0,0.75,1.0
068,That's a great bribe! I'll save my favorite mystery series for tomorrow's session.,Great plan! Enjoying your favorites will definitely make it more fun.,0.5,1.0,0.0,1.0,1.0,0.5,0.75,1.0,1.0,1.0,1.0,1.0
069,Understood. I'll make sure to keep the phone and cuff right by my bed.,Great! Just keeping everything organized like that can help you manage it better. Let me know if there's anything else I can assist with.,0.5,1.0,0.0,1.0,1.0,0.25,0.5,1.0,1.0,1.0,1.0,1.0
070,"Fantastic, a simple strap is all I need to feel safe closing the door.","That’s great to hear! Feeling safer will definitely make your day better. If you need any more advice or items for the strap, just let me know. Safe handling!",0.5,1.0,0.5,1.0,1.0,0.25,0.75,1.0,1.0,0.75,1.0,1.0
071,That makes sense; I'm moving the cream to my nightstand tonight so I can't miss it.,Great move! Keeping things simple like that really helps with consistency. Let me know if you need any other tips for sticking to your routine.,0.75,1.0,0.0,1.0,1.0,0.75,0.75,1.0,1.0,1.0,1.0,1.0
072,A rechargeable dock is definitely going on my wishlist for my next pair of aids.,Good choice! It's making tech use so much easier. Enjoy upgrading your hearing aids.,0.5,1.0,0.8,1.0,0.75,0.25,0.5,0.75,1.0,1.0,1.0,1.0
073,Found one! This no-spill walker tray is exactly what I need for my morning coffee.,Great to hear you found something that fits your needs! Enjoy your morning coffee with peace of mind.,0.5,1.0,0.0,1.0,1.0,0.5,0.75,1.0,1.0,1.0,1.0,1.0
074,Let's set up a chocolate protein shake subscription to fix his diet gaps.,Great idea! We can start with a trial period and see how he likes it. Might be worth checking if the shakes are easy to chew too.,0.5,1.0,0.0,0.75,0.75,0.25,0.75,0.75,1.0,0.5,0.5,1.0
075,Those grey non-marking tires sound like a lifesaver for my floors!,"Great to hear you're excited about the solution! If you need help finding where to buy them, I can look into that for you.",0.5,1.0,0.0,1.0,1.0,0.5,0.75,1.0,1.0,1.0,1.0,1.0
076,Can you show me how those light-up dispensers work? I need a clear signal.,"Sure thing! They have a light that turns on when it's time to take your medicine, helping you stay on track. Might be exactly what you're looking for.",0.5,0.75,0.5,0.5,1.0,0.25,0.5,1.0,1.0,0.75,0.75,1.0
077,I'm going to look for a SilverSneakers morning routine on my iPad right away.,"Great, you'll be safe with those instructions. Happy searching!",0.5,0.5,0.5,0.0,0.5,0.0,0.5,1.0,1.0,0.25,0.5,0.5
078,Using a megaphone app on my phone is much better than straining my voice!,That's great to hear! Your smartphone solution sounds practical and effective. How does it feel now? Are you able to reach your cat clearly with it?,0.5,1.0,0.5,1.0,1.0,0.25,1.0,1.0,1.0,1.0,1.0,0.75
079,Shopping for a rocker knife on my phone will finally get me off my son's help.,Great! Shopping for you has never been easier. Do you need any other types of adaptive cutlery as well?,0.25,0.5,0.0,0.5,0.75,0.25,0.25,0.75,1.0,0.75,0.5,1.0
080,The CGM alert on my tablet would give me such peace of mind while she's napping.,That’s great to hear you’re using your tech comfort for a good cause! Have you set up that CGM yet?,0.5,0.75,0.5,0.75,0.75,0.25,0.5,1.0,1.0,1.0,0.75,1.0
081,I'll make sure to ask my PT about a honeycomb cushion to stay cool.,"Great, focusing on that will help prevent any issues with overheating. Keep me updated after your visit!",0.5,1.0,0.5,1.0,1.0,0.5,0.5,1.0,1.0,0.75,1.0,1.0
082,I'm ordering some voice-boosting Bluetooth headphones today!,Great choice! They should really help with those background noises.,0.5,1.0,0.0,1.0,0.75,0.25,0.5,0.75,1.0,1.0,1.0,1.0
083,A mailbox sensor on my phone would definitely save me from rolling out for nothing.,That sounds like a great solution! Would you mind trying it out and seeing if your tech comfort level could handle using an app for this?,0.5,1.0,0.5,0.75,0.5,0.25,0.5,0.75,1.0,0.75,1.0,1.0
084,I'll call my handyman to put a folding seat in the bathroom this week.,Great plan! I'm sure he’ll get it done soon. Let me know if you need any other advice or support.,0.5,0.5,0.0,1.0,1.0,0.25,0.75,1.0,1.0,1.0,1.0,0.75
085,I'll set those 4-hour reminders on my phone so I can keep knitting!,Great choice! It should help you stay more consistent with your eye drops and prevent that frustrating dryness from stopping your knitting.,0.5,1.0,0.5,0.0,1.0,0.5,0.75,1.0,1.0,0.75,1.0,1.0
086,I'm going to watch a video on swing-clear hinges and try to fix this door!,"Great! Watching that video could really help. And figuring it out yourself is awesome given your tech-savvy. If you need any tips, I’m here.",0.5,1.0,0.5,1.0,1.0,0.25,0.75,1.0,1.0,1.0,1.0,1.0
087,A simple arrow sticker at the stairs will keep me from mixing up my legs.,Great! How about placing a little 'Up' arrow sticker at the bottom of the stairs? I think that might help you remember to use your better leg first.,0.5,0.5,0.5,1.0,1.0,0.5,0.75,1.0,1.0,1.0,0.25,1.0
088,I'm looking for a waterproof lap robe online right now to keep my legs warm.,"Great, keeping your legs dry will help them stay warmer. Have you found anything specific that suits your needs yet?",0.5,1.0,0.5,0.75,1.0,0.25,0.5,1.0,1.0,0.75,1.0,1.0
089,I'll move that wooden chair today so I have a safe place to get dressed.,Great! Having something stable for you to sit on will definitely help.,0.5,1.0,0.0,0.25,1.0,0.5,0.5,0.75,1.0,1.0,1.0,1.0
090,Showing him the video doorbell screen on my phone should help lower his anxiety.,Great! Seeing your face will definitely help ease any worries he has.,0.5,0.75,0.5,1.0,1.0,0.25,0.75,1.0,1.0,0.75,1.0,0.25
091,A simple vibrating watch would be a great way to remind me to breathe!,That's exactly what I was thinking! How does a watch that vibrates for one minute every hour sound?,0.5,1.0,0.5,1.0,1.0,0.5,0.75,1.0,1.0,1.0,1.0,0.5
092,I'm going to measure my chair and look for those extensions on my laptop.,"Great, measuring your chair will help you find the right solution. Safe travels!",0.25,0.5,0.0,0.25,0.25,0.25,0.5,0.75,1.0,0.75,0.5,0.5
093,A magnetic glasses caddy on my phone search looks like the perfect solution!,"Great, a magnetic holder would definitely help keep them secure! Let me know if you need any more tech-assisted solutions.",0.5,1.0,0.5,1.0,1.0,0.25,0.5,1.0,1.0,1.0,1.0,1.0
094,I'll ask the dialysis nurse for a lumbar pillow to help me stop slouching.,Great plan! A lumbar pillow could really make a difference in how you sit during your sessions.,0.5,1.0,0.5,1.0,1.0,0.5,0.75,1.0,1.0,1.0,1.0,1.0
095,I'm getting an Apple Watch to keep an eye on my heart while I garden.,Great choice! Heart rate alerts and fall detection would be really helpful for you.,0.5,1.0,0.0,1.0,0.75,0.5,0.5,0.75,1.0,1.0,1.0,1.0
096,A kitchen timer for my water breaks is exactly what I need for my puzzle time.,"Cool, glad it’s a fit! Let's set up that kitchen timer and see how you like it. If you get distracted again, maybe we can tweak something.",0.5,1.0,0.5,1.0,0.75,0.25,0.75,0.75,1.0,1.0,0.75,1.0
097,I'll look for an electric toothbrush on my tablet to help with my hand cramps.,"Awesome! Good luck finding one that works well. If you need more tips, feel free to ask.",0.5,0.5,0.0,0.5,1.0,0.25,0.5,1.0,1.0,1.0,1.0,1.0
098,That HandyBar tool sounds like just the thing I need for my car transfers.,Great to hear! It'll definitely make those transfers safer and easier. Let me know if you have any trouble setting it up or using it.,0.5,1.0,0.5,1.0,1.0,0.25,0.75,1.0,1.0,0.75,1.0,1.0
099,A vibrating watch for phone calls will help me stay connected!,Great to hear you're excited about that! It sounds like it'll really help with keeping in touch.,0.5,1.0,0.5,0.25,1.0,0.25,0.75,1.0,1.0,1.0,1.0,1.0
100,I'm going to look for an ADA-compliant stove on my laptop today.,"Good luck with your search! If you find anything, I’m here if you need help figuring out if it meets your needs.",0.5,1.0,0.0,0.75,1.0,0.25,0.75,1.0,1.0,1.0,1.0,1.0
